habitabilidad_key,rango_habitaciones_total,rango_habitaciones_dormir,nbi_vivienda_inadecuada_ind,nbi_hacinamiento_ind,nbi_sin_servicio_higienico_ind,nbi_ninios_no_asisten_ind,nbi_alta_dependencia_ind,categoria_carencias,brecha_multidimensional_ind
1,4 a 5 habitaciones,2 dormitorios,0,0,0,0,0,Sin carencias,0
2,3 habitaciones,3 dormitorios,0,0,0,0,0,Sin carencias,0
3,3 habitaciones,2 dormitorios,0,0,0,0,0,Sin carencias,0
4,2 habitaciones,1 dormitorio,0,0,0,0,0,Sin carencias,0
5,1 habitación,1 dormitorio,0,0,0,0,0,Sin carencias,0
6,6 a más habitaciones,4 a más dormitorios,0,0,0,0,0,Una carencia,0
7,6 a más habitaciones,1 dormitorio,0,0,0,0,0,Una carencia,0
8,4 a 5 habitaciones,2 dormitorios,0,0,0,0,0,Una carencia,0
9,3 habitaciones,2 dormitorios,0,0,0,0,0,Una carencia,0
10,2 habitaciones,2 dormitorios,0,0,0,0,0,Una carencia,0
11,4 a 5 habitaciones,4 a más dormitorios,0,0,0,0,0,Una carencia,0
12,6 a más habitaciones,2 dormitorios,0,0,0,0,0,Una carencia,0
13,2 habitaciones,1 dormitorio,0,0,0,0,0,Tres a cuatro carencias,1
14,4 a 5 habitaciones,3 dormitorios,0,0,0,0,0,Una carencia,0
15,3 habitaciones,2 dormitorios,0,0,0,0,0,Dos carencias,1
16,2 habitaciones,1 dormitorio,0,0,0,0,0,Una carencia,0
17,6 a más habitaciones,3 dormitorios,0,0,0,0,0,Una carencia,0
18,3 habitaciones,1 dormitorio,0,0,0,0,0,Dos carencias,1
19,4 a 5 habitaciones,2 dormitorios,0,0,0,0,0,Dos carencias,1
20,1 habitación,1 dormitorio,0,0,0,0,0,Dos carencias,1
21,2 habitaciones,1 dormitorio,0,0,0,0,0,Dos carencias,1
22,3 habitaciones,1 dormitorio,0,0,0,0,0,Tres a cuatro carencias,1
23,3 habitaciones,2 dormitorios,0,0,0,0,0,Cinco a más carencias,1
24,2 habitaciones,1 dormitorio,1,0,0,0,0,Tres a cuatro carencias,1
25,1 habitación,1 dormitorio,0,0,0,0,0,Tres a cuatro carencias,1
26,3 habitaciones,1 dormitorio,0,0,1,0,0,Cinco a más carencias,1
27,2 habitaciones,2 dormitorios,0,0,0,0,0,Tres a cuatro carencias,1
28,1 habitación,1 dormitorio,0,0,0,0,0,Cinco a más carencias,1
29,4 a 5 habitaciones,2 dormitorios,0,0,0,0,0,Tres a cuatro carencias,1
30,4 a 5 habitaciones,3 dormitorios,0,0,0,0,0,Tres a cuatro carencias,1
31,3 habitaciones,2 dormitorios,0,0,0,0,0,Tres a cuatro carencias,1
32,1 habitación,1 dormitorio,0,1,0,0,0,Tres a cuatro carencias,1
33,2 habitaciones,2 dormitorios,0,0,0,0,0,Dos carencias,1
34,4 a 5 habitaciones,1 dormitorio,0,0,0,0,0,Una carencia,0
35,6 a más habitaciones,3 dormitorios,1,0,0,0,0,Tres a cuatro carencias,1
36,3 habitaciones,1 dormitorio,1,0,1,0,0,Tres a cuatro carencias,1
37,4 a 5 habitaciones,1 dormitorio,1,0,0,0,0,Tres a cuatro carencias,1
38,6 a más habitaciones,4 a más dormitorios,0,0,0,0,0,Dos carencias,1
39,4 a 5 habitaciones,2 dormitorios,1,0,0,0,0,Tres a cuatro carencias,1
40,2 habitaciones,2 dormitorios,1,0,1,0,0,Tres a cuatro carencias,1
41,4 a 5 habitaciones,3 dormitorios,0,0,0,0,0,Dos carencias,1
42,1 habitación,1 dormitorio,1,1,0,0,0,Tres a cuatro carencias,1
43,6 a más habitaciones,3 dormitorios,0,0,0,0,0,Tres a cuatro carencias,1
44,1 habitación,1 dormitorio,1,0,0,0,0,Cinco a más carencias,1
45,6 a más habitaciones,4 a más dormitorios,1,0,0,0,0,Cinco a más carencias,1
46,1 habitación,1 dormitorio,1,1,0,0,0,Cinco a más carencias,1
47,4 a 5 habitaciones,3 dormitorios,1,0,0,0,0,Cinco a más carencias,1
48,3 habitaciones,1 dormitorio,1,0,0,0,0,Tres a cuatro carencias,1
49,4 a 5 habitaciones,3 dormitorios,0,0,0,0,0,Cinco a más carencias,1
50,2 habitaciones,2 dormitorios,1,0,0,0,0,Cinco a más carencias,1
51,3 habitaciones,1 dormitorio,1,0,0,0,0,Cinco a más carencias,1
52,6 a más habitaciones,4 a más dormitorios,0,0,0,0,0,Cinco a más carencias,1
53,3 habitaciones,1 dormitorio,1,0,1,0,0,Cinco a más carencias,1
54,2 habitaciones,2 dormitorios,0,1,0,0,0,Cinco a más carencias,1
55,2 habitaciones,1 dormitorio,1,1,1,0,0,Cinco a más carencias,1
56,4 a 5 habitaciones,3 dormitorios,0,0,0,0,0,Sin carencias,0
57,6 a más habitaciones,4 a más dormitorios,0,0,0,0,0,Sin carencias,0
58,4 a 5 habitaciones,4 a más dormitorios,0,0,0,0,0,Sin carencias,0
59,3 habitaciones,1 dormitorio,0,0,0,0,0,Una carencia,0
60,4 a 5 habitaciones,3 dormitorios,1,0,0,0,0,Tres a cuatro carencias,1
61,3 habitaciones,2 dormitorios,1,0,0,0,0,Dos carencias,1
62,1 habitación,1 dormitorio,1,0,0,0,0,Tres a cuatro carencias,1
63,3 habitaciones,2 dormitorios,1,0,0,0,0,Tres a cuatro carencias,1
64,1 habitación,1 dormitorio,0,0,0,0,0,Una carencia,0
65,4 a 5 habitaciones,3 dormitorios,1,0,0,0,0,Dos carencias,1
66,3 habitaciones,3 dormitorios,0,0,0,0,0,Dos carencias,1
67,1 habitación,1 dormitorio,0,0,1,0,0,Tres a cuatro carencias,1
68,2 habitaciones,2 dormitorios,0,0,1,0,0,Tres a cuatro carencias,1
69,1 habitación,1 dormitorio,0,1,0,0,1,Tres a cuatro carencias,1
70,6 a más habitaciones,2 dormitorios,0,0,0,0,0,Tres a cuatro carencias,1
71,6 a más habitaciones,1 dormitorio,0,0,0,0,0,Tres a cuatro carencias,1
72,6 a más habitaciones,4 a más dormitorios,0,0,0,0,0,Tres a cuatro carencias,1
73,4 a 5 habitaciones,1 dormitorio,0,0,1,0,0,Cinco a más carencias,1
74,1 habitación,1 dormitorio,0,0,1,0,0,Cinco a más carencias,1
75,4 a 5 habitaciones,4 a más dormitorios,0,0,0,0,0,Tres a cuatro carencias,1
76,3 habitaciones,1 dormitorio,0,0,0,0,0,Cinco a más carencias,1
77,4 a 5 habitaciones,1 dormitorio,0,0,0,0,0,Dos carencias,1
78,4 a 5 habitaciones,1 dormitorio,0,0,0,0,0,Tres a cuatro carencias,1
79,6 a más habitaciones,2 dormitorios,0,0,0,0,0,Dos carencias,1
80,2 habitaciones,2 dormitorios,0,1,1,0,0,Cinco a más carencias,1
81,2 habitaciones,2 dormitorios,0,0,0,0,0,Sin carencias,0
82,2 habitaciones,1 dormitorio,0,0,1,0,0,Tres a cuatro carencias,1
83,4 a 5 habitaciones,2 dormitorios,0,0,0,0,0,Cinco a más carencias,1
84,4 a 5 habitaciones,3 dormitorios,0,0,1,0,0,Cinco a más carencias,1
85,2 habitaciones,1 dormitorio,0,0,0,0,0,Cinco a más carencias,1
86,1 habitación,1 dormitorio,0,1,0,0,0,Una carencia,0
87,No especificado,No especificado,0,0,0,0,0,Una carencia,0
88,1 habitación,1 dormitorio,0,1,0,0,0,Dos carencias,1
89,2 habitaciones,2 dormitorios,1,0,0,0,0,Tres a cuatro carencias,1
90,3 habitaciones,3 dormitorios,1,0,0,0,0,Tres a cuatro carencias,1
91,2 habitaciones,1 dormitorio,1,0,0,0,0,Dos carencias,1
92,3 habitaciones,2 dormitorios,1,0,1,0,0,Tres a cuatro carencias,1
93,4 a 5 habitaciones,4 a más dormitorios,0,0,0,0,0,Dos carencias,1
94,3 habitaciones,1 dormitorio,0,0,0,0,0,Sin carencias,0
95,4 a 5 habitaciones,1 dormitorio,0,0,1,0,0,Tres a cuatro carencias,1
96,4 a 5 habitaciones,2 dormitorios,0,0,1,0,0,Tres a cuatro carencias,1
97,3 habitaciones,2 dormitorios,0,0,1,0,0,Tres a cuatro carencias,1
98,2 habitaciones,1 dormitorio,1,0,0,0,0,Cinco a más carencias,1
99,1 habitación,1 dormitorio,1,0,1,0,0,Cinco a más carencias,1
100,2 habitaciones,2 dormitorios,1,0,0,0,0,Dos carencias,1
101,1 habitación,1 dormitorio,0,1,1,0,0,Tres a cuatro carencias,1
102,2 habitaciones,1 dormitorio,1,0,1,0,0,Cinco a más carencias,1
103,6 a más habitaciones,3 dormitorios,0,0,0,0,0,Sin carencias,0
104,2 habitaciones,2 dormitorios,0,0,0,0,1,Una carencia,0
105,1 habitación,1 dormitorio,0,1,0,0,0,Cinco a más carencias,1
106,2 habitaciones,1 dormitorio,0,1,0,0,0,Cinco a más carencias,1
107,2 habitaciones,1 dormitorio,0,1,0,0,0,Tres a cuatro carencias,1
108,2 habitaciones,1 dormitorio,0,0,0,0,1,Tres a cuatro carencias,1
109,No especificado,No especificado,0,0,0,0,0,Sin carencias,0
110,4 a 5 habitaciones,1 dormitorio,0,0,0,0,0,Sin carencias,0
111,3 habitaciones,1 dormitorio,0,0,1,0,0,Dos carencias,1
112,3 habitaciones,3 dormitorios,0,0,0,0,0,Cinco a más carencias,1
113,3 habitaciones,1 dormitorio,0,0,1,0,0,Tres a cuatro carencias,1
114,2 habitaciones,2 dormitorios,0,1,1,0,1,Cinco a más carencias,1
115,3 habitaciones,2 dormitorios,0,0,1,0,0,Cinco a más carencias,1
116,1 habitación,1 dormitorio,1,0,1,0,0,Tres a cuatro carencias,1
117,6 a más habitaciones,3 dormitorios,0,0,0,0,0,Dos carencias,1
118,3 habitaciones,3 dormitorios,0,0,0,0,0,Una carencia,0
119,6 a más habitaciones,2 dormitorios,0,0,1,0,0,Tres a cuatro carencias,1
120,4 a 5 habitaciones,1 dormitorio,1,0,1,0,0,Cinco a más carencias,1
121,2 habitaciones,1 dormitorio,0,0,1,0,0,Cinco a más carencias,1
122,1 habitación,1 dormitorio,0,0,1,0,0,Dos carencias,1
123,6 a más habitaciones,1 dormitorio,0,0,1,0,0,Tres a cuatro carencias,1
124,4 a 5 habitaciones,2 dormitorios,0,0,0,0,1,Dos carencias,1
125,1 habitación,1 dormitorio,1,0,0,0,0,Dos carencias,1
126,3 habitaciones,2 dormitorios,0,0,1,0,0,Dos carencias,1
127,1 habitación,1 dormitorio,0,1,1,0,0,Cinco a más carencias,1
128,6 a más habitaciones,1 dormitorio,0,0,1,0,0,Cinco a más carencias,1
129,3 habitaciones,1 dormitorio,1,0,0,0,0,Dos carencias,1
130,4 a 5 habitaciones,1 dormitorio,0,0,0,0,0,Cinco a más carencias,1
131,2 habitaciones,2 dormitorios,1,0,0,0,0,Una carencia,0
132,4 a 5 habitaciones,2 dormitorios,1,0,0,0,0,Dos carencias,1
133,4 a 5 habitaciones,2 dormitorios,0,0,1,0,0,Dos carencias,1
134,1 habitación,1 dormitorio,1,1,1,0,0,Cinco a más carencias,1
135,2 habitaciones,1 dormitorio,0,1,1,0,0,Cinco a más carencias,1
136,2 habitaciones,2 dormitorios,0,0,1,0,0,Cinco a más carencias,1
137,6 a más habitaciones,4 a más dormitorios,1,0,1,0,0,Tres a cuatro carencias,1
138,2 habitaciones,2 dormitorios,0,1,0,0,0,Dos carencias,1
139,2 habitaciones,2 dormitorios,0,0,0,0,1,Tres a cuatro carencias,1
140,4 a 5 habitaciones,2 dormitorios,0,0,1,0,0,Cinco a más carencias,1
141,6 a más habitaciones,2 dormitorios,0,0,1,0,0,Cinco a más carencias,1
142,No especificado,No especificado,0,0,0,0,0,Tres a cuatro carencias,1
143,No especificado,No especificado,0,1,0,0,0,Una carencia,0
144,4 a 5 habitaciones,4 a más dormitorios,1,0,0,0,0,Tres a cuatro carencias,1
145,No especificado,No especificado,0,0,0,0,0,Dos carencias,1
146,4 a 5 habitaciones,4 a más dormitorios,0,0,1,0,0,Tres a cuatro carencias,1
147,No especificado,No especificado,0,0,1,0,0,Dos carencias,1
148,No especificado,No especificado,1,0,0,0,0,Dos carencias,1
149,6 a más habitaciones,4 a más dormitorios,0,0,1,0,0,Dos carencias,1
150,1 habitación,1 dormitorio,1,1,1,0,0,Tres a cuatro carencias,1
151,6 a más habitaciones,4 a más dormitorios,0,0,1,0,0,Una carencia,0
152,3 habitaciones,2 dormitorios,1,0,0,0,0,Cinco a más carencias,1
153,1 habitación,1 dormitorio,1,1,0,0,1,Cinco a más carencias,1
154,1 habitación,1 dormitorio,0,1,0,1,0,Cinco a más carencias,1
155,4 a 5 habitaciones,2 dormitorios,0,0,1,0,1,Cinco a más carencias,1
156,2 habitaciones,1 dormitorio,1,0,1,1,0,Cinco a más carencias,1
157,2 habitaciones,1 dormitorio,0,1,1,1,0,Cinco a más carencias,1
158,4 a 5 habitaciones,3 dormitorios,1,0,1,0,0,Cinco a más carencias,1
159,4 a 5 habitaciones,4 a más dormitorios,0,0,1,0,0,Cinco a más carencias,1
160,2 habitaciones,1 dormitorio,0,0,0,0,1,Cinco a más carencias,1
161,3 habitaciones,3 dormitorios,1,0,0,0,0,Una carencia,0
162,6 a más habitaciones,2 dormitorios,0,0,0,0,0,Sin carencias,0
163,3 habitaciones,3 dormitorios,1,1,1,1,0,Tres a cuatro carencias,1
164,2 habitaciones,1 dormitorio,1,0,1,0,0,Tres a cuatro carencias,1
165,2 habitaciones,1 dormitorio,0,1,0,0,0,Dos carencias,1
166,4 a 5 habitaciones,3 dormitorios,0,0,1,0,0,Tres a cuatro carencias,1
167,2 habitaciones,2 dormitorios,1,0,1,1,0,Tres a cuatro carencias,1
168,2 habitaciones,2 dormitorios,0,0,1,0,1,Tres a cuatro carencias,1
169,2 habitaciones,1 dormitorio,1,1,0,0,0,Cinco a más carencias,1
170,2 habitaciones,2 dormitorios,0,0,0,0,0,Cinco a más carencias,1
171,6 a más habitaciones,1 dormitorio,0,0,0,0,0,Sin carencias,0
172,4 a 5 habitaciones,4 a más dormitorios,1,0,0,0,0,Dos carencias,1
173,No especificado,No especificado,0,1,0,0,0,Dos carencias,1
174,6 a más habitaciones,4 a más dormitorios,0,0,1,0,0,Tres a cuatro carencias,1
175,No especificado,No especificado,1,0,0,0,0,Tres a cuatro carencias,1
176,2 habitaciones,2 dormitorios,1,1,0,0,0,Cinco a más carencias,1
177,2 habitaciones,1 dormitorio,0,0,1,0,0,Dos carencias,1
178,4 a 5 habitaciones,2 dormitorios,1,0,1,0,0,Cinco a más carencias,1
179,3 habitaciones,3 dormitorios,1,0,0,0,0,Dos carencias,1
180,6 a más habitaciones,1 dormitorio,1,0,0,0,0,Dos carencias,1
181,3 habitaciones,3 dormitorios,0,0,0,0,0,Tres a cuatro carencias,1
182,3 habitaciones,2 dormitorios,1,0,0,0,0,Una carencia,0
183,4 a 5 habitaciones,3 dormitorios,1,0,0,0,0,Una carencia,0
184,2 habitaciones,2 dormitorios,0,1,0,0,0,Una carencia,0
185,4 a 5 habitaciones,3 dormitorios,0,0,0,0,1,Una carencia,0
186,3 habitaciones,2 dormitorios,0,0,0,1,0,Sin carencias,0
187,1 habitación,1 dormitorio,1,1,0,0,0,Dos carencias,1
188,6 a más habitaciones,3 dormitorios,0,0,0,0,1,Una carencia,0
189,6 a más habitaciones,3 dormitorios,0,0,1,0,0,Tres a cuatro carencias,1
190,4 a 5 habitaciones,3 dormitorios,0,0,0,0,1,Dos carencias,1
191,3 habitaciones,2 dormitorios,0,0,0,0,1,Tres a cuatro carencias,1
192,2 habitaciones,1 dormitorio,1,0,0,0,0,Una carencia,0
193,6 a más habitaciones,3 dormitorios,0,0,0,0,1,Sin carencias,0
194,3 habitaciones,1 dormitorio,0,0,1,0,1,Cinco a más carencias,1
195,6 a más habitaciones,2 dormitorios,0,0,0,1,0,Cinco a más carencias,1
196,4 a 5 habitaciones,2 dormitorios,0,0,0,0,1,Tres a cuatro carencias,1
197,6 a más habitaciones,3 dormitorios,0,0,0,0,0,Cinco a más carencias,1
198,6 a más habitaciones,3 dormitorios,0,0,0,0,1,Cinco a más carencias,1
199,3 habitaciones,3 dormitorios,0,0,1,0,0,Tres a cuatro carencias,1
200,4 a 5 habitaciones,3 dormitorios,0,0,1,0,0,Dos carencias,1
201,1 habitación,1 dormitorio,1,0,0,0,0,Una carencia,0
202,2 habitaciones,2 dormitorios,1,0,1,0,0,Cinco a más carencias,1
203,No especificado,No especificado,0,0,0,1,0,Una carencia,0
204,2 habitaciones,1 dormitorio,1,1,0,0,0,Tres a cuatro carencias,1
205,2 habitaciones,1 dormitorio,0,1,1,0,0,Dos carencias,1
206,4 a 5 habitaciones,4 a más dormitorios,0,0,0,0,0,Cinco a más carencias,1
207,2 habitaciones,1 dormitorio,0,0,1,0,1,Cinco a más carencias,1
208,4 a 5 habitaciones,2 dormitorios,0,0,0,1,0,Cinco a más carencias,1
209,4 a 5 habitaciones,4 a más dormitorios,0,0,0,0,1,Cinco a más carencias,1
210,3 habitaciones,2 dormitorios,1,0,0,0,1,Tres a cuatro carencias,1
211,3 habitaciones,2 dormitorios,0,0,0,0,1,Una carencia,0
212,6 a más habitaciones,4 a más dormitorios,1,0,0,0,0,Tres a cuatro carencias,1
213,4 a 5 habitaciones,4 a más dormitorios,1,0,1,0,0,Tres a cuatro carencias,1
214,3 habitaciones,3 dormitorios,0,0,1,0,0,Cinco a más carencias,1
215,2 habitaciones,2 dormitorios,0,1,0,0,0,Tres a cuatro carencias,1
216,4 a 5 habitaciones,3 dormitorios,0,0,0,0,1,Tres a cuatro carencias,1
217,4 a 5 habitaciones,4 a más dormitorios,0,1,0,0,0,Una carencia,0
218,4 a 5 habitaciones,4 a más dormitorios,1,0,0,0,0,Cinco a más carencias,1
219,4 a 5 habitaciones,3 dormitorios,1,0,1,0,0,Tres a cuatro carencias,1
220,6 a más habitaciones,4 a más dormitorios,1,0,0,0,0,Dos carencias,1
221,4 a 5 habitaciones,2 dormitorios,1,0,0,0,0,Cinco a más carencias,1
222,3 habitaciones,3 dormitorios,0,0,0,0,1,Sin carencias,0
223,6 a más habitaciones,4 a más dormitorios,0,0,0,0,1,Una carencia,0
224,4 a 5 habitaciones,4 a más dormitorios,0,0,0,0,1,Sin carencias,0
225,4 a 5 habitaciones,2 dormitorios,0,0,0,0,1,Una carencia,0
226,3 habitaciones,1 dormitorio,0,0,0,0,1,Dos carencias,1
227,6 a más habitaciones,1 dormitorio,0,0,0,0,0,Dos carencias,1
228,2 habitaciones,1 dormitorio,1,0,1,0,1,Tres a cuatro carencias,1
229,1 habitación,1 dormitorio,0,1,1,1,0,Cinco a más carencias,1
230,4 a 5 habitaciones,2 dormitorios,1,0,1,0,0,Tres a cuatro carencias,1
231,6 a más habitaciones,3 dormitorios,1,0,1,0,0,Tres a cuatro carencias,1
232,4 a 5 habitaciones,4 a más dormitorios,0,0,0,1,0,Sin carencias,0
233,3 habitaciones,3 dormitorios,0,1,0,0,0,Dos carencias,1
234,1 habitación,1 dormitorio,0,1,1,0,1,Cinco a más carencias,1
235,6 a más habitaciones,3 dormitorios,0,0,0,1,0,Una carencia,0
236,3 habitaciones,2 dormitorios,0,1,0,0,0,Una carencia,0
237,2 habitaciones,1 dormitorio,0,0,0,0,1,Dos carencias,1
238,6 a más habitaciones,4 a más dormitorios,1,0,0,0,0,Una carencia,0
239,No especificado,No especificado,1,0,1,0,0,Dos carencias,1
240,4 a 5 habitaciones,4 a más dormitorios,0,0,1,0,0,Dos carencias,1
241,4 a 5 habitaciones,4 a más dormitorios,0,0,1,0,0,Una carencia,0
242,2 habitaciones,1 dormitorio,0,0,1,1,0,Tres a cuatro carencias,1
243,3 habitaciones,1 dormitorio,0,0,0,0,1,Cinco a más carencias,1
244,2 habitaciones,1 dormitorio,0,1,1,0,1,Cinco a más carencias,1
245,1 habitación,1 dormitorio,0,1,0,0,1,Dos carencias,1
246,4 a 5 habitaciones,3 dormitorios,0,0,0,1,0,Dos carencias,1
247,No especificado,No especificado,0,1,0,0,0,Tres a cuatro carencias,1
248,2 habitaciones,2 dormitorios,0,0,1,0,0,Dos carencias,1
249,4 a 5 habitaciones,3 dormitorios,0,0,0,1,0,Una carencia,0
250,4 a 5 habitaciones,2 dormitorios,0,0,1,0,0,Una carencia,0
251,3 habitaciones,2 dormitorios,0,0,0,1,0,Una carencia,0
252,3 habitaciones,1 dormitorio,1,0,0,0,0,Una carencia,0
253,No especificado,No especificado,0,0,1,0,0,Una carencia,0
254,2 habitaciones,1 dormitorio,0,1,1,0,0,Tres a cuatro carencias,1
255,2 habitaciones,1 dormitorio,1,0,0,1,0,Tres a cuatro carencias,1
256,No especificado,No especificado,1,0,0,0,0,Sin carencias,0
257,3 habitaciones,1 dormitorio,0,0,1,0,0,Una carencia,0
258,3 habitaciones,2 dormitorios,0,0,0,0,1,Dos carencias,1
259,4 a 5 habitaciones,3 dormitorios,0,0,1,0,0,Una carencia,0
260,2 habitaciones,1 dormitorio,0,0,1,0,0,Una carencia,0
261,3 habitaciones,2 dormitorios,0,0,1,0,0,Una carencia,0
262,2 habitaciones,1 dormitorio,0,0,0,1,0,Una carencia,0
263,2 habitaciones,1 dormitorio,0,1,0,0,1,Tres a cuatro carencias,1
264,1 habitación,1 dormitorio,0,1,0,0,1,Cinco a más carencias,1
265,6 a más habitaciones,2 dormitorios,1,0,0,0,0,Tres a cuatro carencias,1
266,6 a más habitaciones,1 dormitorio,0,0,1,0,0,Dos carencias,1
267,2 habitaciones,1 dormitorio,1,0,1,1,0,Tres a cuatro carencias,1
268,2 habitaciones,1 dormitorio,1,1,1,0,0,Tres a cuatro carencias,1
269,No especificado,No especificado,1,1,0,0,0,Dos carencias,1
270,2 habitaciones,1 dormitorio,0,0,0,1,0,Tres a cuatro carencias,1
271,3 habitaciones,2 dormitorios,0,0,0,1,0,Tres a cuatro carencias,1
272,2 habitaciones,1 dormitorio,0,0,0,0,1,Una carencia,0
273,3 habitaciones,3 dormitorios,1,0,0,0,1,Dos carencias,1
274,2 habitaciones,2 dormitorios,0,0,0,1,0,Tres a cuatro carencias,1
275,3 habitaciones,3 dormitorios,0,1,0,0,0,Tres a cuatro carencias,1
276,1 habitación,1 dormitorio,1,1,0,1,0,Cinco a más carencias,1
277,4 a 5 habitaciones,3 dormitorios,1,0,0,1,0,Tres a cuatro carencias,1
278,2 habitaciones,1 dormitorio,1,0,0,1,0,Cinco a más carencias,1
279,3 habitaciones,2 dormitorios,0,0,1,1,1,Cinco a más carencias,1
280,1 habitación,1 dormitorio,0,1,1,0,1,Tres a cuatro carencias,1
281,3 habitaciones,2 dormitorios,0,0,0,1,0,Dos carencias,1
282,6 a más habitaciones,1 dormitorio,0,0,0,0,0,Cinco a más carencias,1
283,2 habitaciones,1 dormitorio,0,0,0,1,0,Sin carencias,0
284,3 habitaciones,3 dormitorios,0,0,0,1,0,Una carencia,0
285,3 habitaciones,3 dormitorios,1,0,1,0,0,Tres a cuatro carencias,1
286,2 habitaciones,1 dormitorio,0,1,0,0,0,Una carencia,0
287,2 habitaciones,2 dormitorios,1,1,0,0,0,Tres a cuatro carencias,1
288,6 a más habitaciones,4 a más dormitorios,0,0,1,0,1,Tres a cuatro carencias,1
289,3 habitaciones,2 dormitorios,0,0,1,0,1,Cinco a más carencias,1
290,6 a más habitaciones,3 dormitorios,1,0,0,0,0,Una carencia,0
291,4 a 5 habitaciones,4 a más dormitorios,1,0,0,0,0,Una carencia,0
292,1 habitación,1 dormitorio,0,0,1,1,0,Cinco a más carencias,1
293,3 habitaciones,2 dormitorios,0,0,0,0,1,Sin carencias,0
294,3 habitaciones,3 dormitorios,0,0,0,0,1,Dos carencias,1
295,3 habitaciones,2 dormitorios,1,0,1,0,0,Cinco a más carencias,1
296,4 a 5 habitaciones,3 dormitorios,0,0,1,1,0,Tres a cuatro carencias,1
297,3 habitaciones,2 dormitorios,0,0,0,0,1,Cinco a más carencias,1
298,3 habitaciones,2 dormitorios,0,1,1,0,1,Cinco a más carencias,1
299,1 habitación,1 dormitorio,0,1,1,1,1,Cinco a más carencias,1
300,2 habitaciones,2 dormitorios,1,0,0,0,1,Tres a cuatro carencias,1
301,6 a más habitaciones,2 dormitorios,0,0,0,0,0,Cinco a más carencias,1
302,4 a 5 habitaciones,3 dormitorios,0,0,0,0,1,Sin carencias,0
303,1 habitación,1 dormitorio,1,1,1,0,1,Cinco a más carencias,1
304,6 a más habitaciones,2 dormitorios,1,0,0,0,0,Cinco a más carencias,1
305,4 a 5 habitaciones,1 dormitorio,1,0,0,0,0,Cinco a más carencias,1
306,4 a 5 habitaciones,1 dormitorio,0,0,1,0,0,Dos carencias,1
307,2 habitaciones,1 dormitorio,0,1,0,0,1,Una carencia,0
308,6 a más habitaciones,1 dormitorio,1,0,0,0,0,Tres a cuatro carencias,1
309,6 a más habitaciones,4 a más dormitorios,0,0,0,1,0,Dos carencias,1
310,4 a 5 habitaciones,4 a más dormitorios,0,0,0,0,1,Una carencia,0
311,3 habitaciones,2 dormitorios,1,0,0,0,1,Dos carencias,1
312,2 habitaciones,1 dormitorio,1,1,0,0,1,Tres a cuatro carencias,1
313,4 a 5 habitaciones,1 dormitorio,1,0,1,0,0,Tres a cuatro carencias,1
314,3 habitaciones,2 dormitorios,0,0,1,1,0,Tres a cuatro carencias,1
315,3 habitaciones,3 dormitorios,0,0,1,0,0,Dos carencias,1
316,4 a 5 habitaciones,2 dormitorios,1,0,0,0,0,Una carencia,0
317,4 a 5 habitaciones,3 dormitorios,0,0,0,1,0,Tres a cuatro carencias,1
318,4 a 5 habitaciones,4 a más dormitorios,0,0,0,0,1,Tres a cuatro carencias,1
319,4 a 5 habitaciones,1 dormitorio,1,0,0,0,0,Una carencia,0
320,1 habitación,1 dormitorio,1,1,0,1,0,Tres a cuatro carencias,1
321,4 a 5 habitaciones,4 a más dormitorios,0,0,0,1,0,Tres a cuatro carencias,1
322,6 a más habitaciones,1 dormitorio,0,0,1,0,1,Tres a cuatro carencias,1
323,No especificado,No especificado,0,0,1,0,0,Tres a cuatro carencias,1
324,2 habitaciones,1 dormitorio,0,0,0,0,1,Sin carencias,0
325,2 habitaciones,2 dormitorios,1,1,1,0,0,Cinco a más carencias,1
326,6 a más habitaciones,2 dormitorios,0,0,0,1,0,Dos carencias,1
327,3 habitaciones,3 dormitorios,1,0,0,0,1,Tres a cuatro carencias,1
328,6 a más habitaciones,4 a más dormitorios,0,0,0,1,0,Una carencia,0
329,6 a más habitaciones,3 dormitorios,0,0,0,0,1,Dos carencias,1
330,4 a 5 habitaciones,2 dormitorios,0,0,0,1,0,Tres a cuatro carencias,1
331,No especificado,No especificado,1,0,1,0,0,Tres a cuatro carencias,1
332,6 a más habitaciones,4 a más dormitorios,0,0,0,0,1,Dos carencias,1
333,6 a más habitaciones,3 dormitorios,1,0,0,0,0,Dos carencias,1
334,1 habitación,1 dormitorio,0,1,1,1,0,Tres a cuatro carencias,1
335,2 habitaciones,1 dormitorio,0,1,1,1,1,Cinco a más carencias,1
336,1 habitación,1 dormitorio,0,0,0,1,0,Dos carencias,1
337,6 a más habitaciones,4 a más dormitorios,0,0,1,0,0,Cinco a más carencias,1
338,4 a 5 habitaciones,3 dormitorios,1,0,1,0,0,Dos carencias,1
339,4 a 5 habitaciones,4 a más dormitorios,0,0,1,0,1,Tres a cuatro carencias,1
340,2 habitaciones,1 dormitorio,0,0,0,1,0,Dos carencias,1
341,2 habitaciones,1 dormitorio,1,0,0,1,0,Dos carencias,1
342,3 habitaciones,2 dormitorios,1,0,0,0,1,Una carencia,0
343,No especificado,No especificado,1,0,0,0,0,Una carencia,0
344,4 a 5 habitaciones,3 dormitorios,0,1,0,0,0,Una carencia,0
345,2 habitaciones,1 dormitorio,0,0,1,0,1,Tres a cuatro carencias,1
346,4 a 5 habitaciones,1 dormitorio,0,0,0,1,0,Dos carencias,1
347,2 habitaciones,1 dormitorio,1,1,1,1,0,Cinco a más carencias,1
348,1 habitación,1 dormitorio,0,1,0,1,0,Tres a cuatro carencias,1
349,4 a 5 habitaciones,3 dormitorios,1,0,1,1,0,Tres a cuatro carencias,1
350,3 habitaciones,2 dormitorios,0,1,1,0,0,Cinco a más carencias,1
351,2 habitaciones,2 dormitorios,0,1,1,0,0,Dos carencias,1
352,2 habitaciones,1 dormitorio,1,0,1,0,0,Dos carencias,1
353,3 habitaciones,1 dormitorio,1,0,0,0,1,Tres a cuatro carencias,1
354,4 a 5 habitaciones,4 a más dormitorios,0,0,0,1,0,Dos carencias,1
355,2 habitaciones,2 dormitorios,0,0,0,0,1,Dos carencias,1
356,6 a más habitaciones,3 dormitorios,0,0,1,0,0,Una carencia,0
357,4 a 5 habitaciones,3 dormitorios,0,0,1,0,1,Cinco a más carencias,1
358,2 habitaciones,2 dormitorios,1,1,0,1,0,Tres a cuatro carencias,1
359,3 habitaciones,2 dormitorios,0,0,1,0,1,Tres a cuatro carencias,1
360,4 a 5 habitaciones,1 dormitorio,1,0,1,0,0,Dos carencias,1
361,2 habitaciones,2 dormitorios,0,0,0,1,0,Una carencia,0
362,6 a más habitaciones,4 a más dormitorios,0,0,0,1,0,Sin carencias,0
363,3 habitaciones,2 dormitorios,0,0,1,1,0,Cinco a más carencias,1
364,2 habitaciones,2 dormitorios,1,1,0,0,1,Cinco a más carencias,1
365,4 a 5 habitaciones,2 dormitorios,0,0,1,0,1,Tres a cuatro carencias,1
366,4 a 5 habitaciones,4 a más dormitorios,1,0,1,0,0,Dos carencias,1
367,2 habitaciones,2 dormitorios,0,0,0,1,0,Dos carencias,1
368,3 habitaciones,1 dormitorio,0,1,1,0,1,Cinco a más carencias,1
369,4 a 5 habitaciones,2 dormitorios,1,0,0,0,1,Tres a cuatro carencias,1
370,1 habitación,1 dormitorio,0,1,0,0,1,Una carencia,0
371,2 habitaciones,2 dormitorios,0,1,0,0,1,Dos carencias,1
372,2 habitaciones,2 dormitorios,1,0,0,1,0,Tres a cuatro carencias,1
373,3 habitaciones,2 dormitorios,0,1,0,0,0,Cinco a más carencias,1
374,4 a 5 habitaciones,3 dormitorios,0,0,0,0,1,Cinco a más carencias,1
375,1 habitación,1 dormitorio,0,0,1,0,0,Una carencia,0
376,4 a 5 habitaciones,4 a más dormitorios,1,0,0,0,1,Tres a cuatro carencias,1
377,4 a 5 habitaciones,2 dormitorios,0,0,0,1,0,Dos carencias,1
378,2 habitaciones,2 dormitorios,0,0,1,1,0,Tres a cuatro carencias,1
379,6 a más habitaciones,2 dormitorios,0,0,1,0,0,Dos carencias,1
380,3 habitaciones,2 dormitorios,0,0,0,1,0,Cinco a más carencias,1
381,1 habitación,1 dormitorio,0,0,0,1,0,Sin carencias,0
382,1 habitación,1 dormitorio,0,1,0,1,1,Cinco a más carencias,1
383,4 a 5 habitaciones,4 a más dormitorios,1,0,0,0,1,Cinco a más carencias,1
384,4 a 5 habitaciones,2 dormitorios,1,0,0,1,0,Tres a cuatro carencias,1
